{
	"code": 0,
	"data": {
		"now": 1542254016842,
		"list": [{
			"id": 1587,
			"type": 1,
			"tag": "买赠",
			"title": "赠保护膜 （数量有限送完即止）",
			"description": "赠价值 49 元 PET 2D 保护膜 ",
			"note": {
				"desc_pc_1": "赠价值 49 元 PET 2D 保护膜 ",
				"desc_pc_2": "赠价值 49 元 PET 2D 保护膜",
				"add_on_pc_link": "https://www.smartisan.com/item/100035113",
				"desc_mobile_1": "赠价值 49 元 PET 2D 保护膜",
				"desc_mobile_2": "赠价值 49 元 PET 2D 保护膜",
				"add_on_mobile_link": "https://www.smartisan.com/item/100035113",
				"short_name": "买赠",
				"rule_text": []
			},
			"rule": {
				"condition": {
					"type": 1,
					"main_skus": [100035112, 100035113],
					"num": "1",
					"any": true
				},
				"result": {
					"gift_skus": {
						"100038001": 1
					}
				},
				"single_order_limit": -1,
				"overlap": false
			},
			"start_time": 1537459200000,
			"end_time": 1543593599000,
			"gift_num": {}
		}, {
			"id": 1692,
			"type": 1,
			"tag": "买赠",
			"title": "赠保护套 （数量有限送完即止）",
			"description": "购坚果 Pro 2 特别版赠保护套",
			"note": {
				"desc_pc_1": "购坚果 Pro 2 特别版赠保护套",
				"desc_pc_2": "购坚果 Pro 2 特别版赠保护套",
				"add_on_pc_link": "https://www.smartisan.com/item/100047901",
				"desc_mobile_1": "购坚果 Pro 2 特别版赠保护套",
				"desc_mobile_2": "购坚果 Pro 2 特别版赠保护套",
				"add_on_mobile_link": "https://www.smartisan.com/item/100047901",
				"short_name": "买赠",
				"rule_text": []
			},
			"rule": {
				"condition": {
					"type": 1,
					"main_skus": [100047901, 100047902, 100047903],
					"num": "1",
					"any": true
				},
				"result": {
					"gift_skus": {
						"100035203": 1
					}
				},
				"single_order_limit": -1,
				"overlap": false
			},
			"start_time": 1539100800000,
			"end_time": 1543593599000,
			"gift_num": {}
		}, {
			"id": 1782,
			"type": 1,
			"tag": "买赠",
			"title": "赠软胶透明保护套（数量有限送完即止）",
			"description": "购坚果 Pro 2S 赠软胶透明保护套",
			"note": {
				"desc_pc_1": "购坚果 Pro 2S 赠软胶透明保护套",
				"desc_pc_2": "购坚果 Pro 2S 赠软胶透明保护套",
				"add_on_pc_link": "https://www.smartisan.com/item/100051701",
				"desc_mobile_1": "购坚果 Pro 2S 赠软胶透明保护套",
				"desc_mobile_2": "购坚果 Pro 2S 赠软胶透明保护套",
				"add_on_mobile_link": "https://www.smartisan.com/item/100051701",
				"short_name": "买赠",
				"rule_text": []
			},
			"rule": {
				"condition": {
					"type": 1,
					"main_skus": [100051701, 100051702, 100051703, 100051704, 100051705, 100051706, 100051707, 100051708],
					"num": "1",
					"any": true
				},
				"result": {
					"gift_skus": {
						"100051901": 1
					}
				},
				"single_order_limit": -1,
				"overlap": false
			},
			"start_time": 1540224000000,
			"end_time": 1543593599000,
			"gift_num": {}
		}, {
			"id": 1997,
			"type": 1,
			"tag": "买赠",
			"title": "赠价值 49 元保护套 （数量有限送完即止）",
			"description": "购坚果 Pro2 赠价值 49 元保护套",
			"note": {
				"desc_pc_1": "购坚果 Pro2 赠价值 49 元保护套",
				"desc_pc_2": "购坚果 Pro2 赠价值 49 元保护套",
				"add_on_pc_link": "https://www.smartisan.com/item/100035102",
				"desc_mobile_1": "购坚果 Pro2 赠价值 49 元保护套",
				"desc_mobile_2": "购坚果 Pro2 赠价值 49 元保护套",
				"add_on_mobile_link": "https://www.smartisan.com/item/100035102",
				"short_name": "买赠",
				"rule_text": []
			},
			"rule": {
				"condition": {
					"type": 1,
					"main_skus": [100035102, 100035103, 100035104, 100035106, 100035107, 100035108, 100035110, 100035111],
					"num": "1",
					"any": true
				},
				"result": {
					"gift_skus": {
						"100035203": 1
					}
				},
				"single_order_limit": -1,
				"overlap": false
			},
			"start_time": 1541833201000,
			"end_time": 1543593599000,
			"gift_num": {}
		}, {
			"id": 2008,
			"type": 1,
			"tag": "买赠",
			"title": "购坚果 3 赠送保护膜 （数量有限送完即止）",
			"description": "购坚果 3 赠送保护膜",
			"note": {
				"desc_pc_1": "购坚果 3 赠送保护膜",
				"desc_pc_2": "购坚果 3 赠送保护膜",
				"add_on_pc_link": "https://www.smartisan.com/item/100040602",
				"desc_mobile_1": "购坚果 3 赠送保护膜",
				"desc_mobile_2": "购坚果 3 赠送保护膜",
				"add_on_mobile_link": "https://www.smartisan.com/item/100040602",
				"short_name": "买赠",
				"rule_text": []
			},
			"rule": {
				"condition": {
					"type": 1,
					"main_skus": [100040602, 100040604, 100040606, 100040608, 100040611, 100040614, 100040616, 100040619],
					"num": "1",
					"any": true
				},
				"result": {
					"gift_skus": {
						"100042101": 1
					}
				},
				"single_order_limit": -1,
				"overlap": false
			},
			"start_time": 1541865720000,
			"end_time": 1543593598000,
			"gift_num": {}
		}, {
			"id": 2015,
			"type": 9,
			"tag": "满减",
			"title": "畅呼吸口罩盒装 限时特惠",
			"description": "",
			"note": {
				"desc_pc_1": "",
				"desc_pc_2": "",
				"add_on_pc_link": "https://resource.smartisan.com/resource/8cf404238997bf5c3dd7eef2e6d61de3.jpg",
				"desc_mobile_1": "",
				"desc_mobile_2": "",
				"add_on_mobile_link": "",
				"short_name": null,
				"rule_text": null
			},
			"rule": {
				"condition": {
					"type": 1,
					"main_skus": [100036320, 100036316, 100036312, 100036308, 100036304, 100036318, 100036314, 100036310, 100036306, 100036302, 100039501],
					"num": 1,
					"any": true
				},
				"result": {
					"discount": [{
						"full_money": "99",
						"decrease_money": "49"
					}, {
						"full_money": "198",
						"decrease_money": "100"
					}, {
						"full_money": "297",
						"decrease_money": "150"
					}]
				},
				"single_order_limit": -1,
				"overlap": false
			},
			"start_time": 1541952000000,
			"end_time": 1542643199000
		}, {
			"id": 2016,
			"type": 9,
			"tag": "满减",
			"title": "畅呼吸口罩盒装 限时特惠",
			"description": "",
			"note": {
				"desc_pc_1": "",
				"desc_pc_2": "",
				"add_on_pc_link": "https://resource.smartisan.com/resource/5c12b0a2ccb8f37bf8b6a791b38ec372.jpg",
				"desc_mobile_1": "",
				"desc_mobile_2": "",
				"add_on_mobile_link": "",
				"short_name": null,
				"rule_text": null
			},
			"rule": {
				"condition": {
					"type": 1,
					"main_skus": [100036340, 100036337, 100036334, 100036331, 100036329, 100036327, 100036326, 100036325, 100036324, 100036322],
					"num": 1,
					"any": true
				},
				"result": {
					"discount": [{
						"full_money": "129",
						"decrease_money": "70"
					}, {
						"full_money": "258",
						"decrease_money": "150"
					}, {
						"full_money": "387",
						"decrease_money": "200"
					}]
				},
				"single_order_limit": -1,
				"overlap": false
			},
			"start_time": 1541952000000,
			"end_time": 1542643199000
		}, {
			"id": 2023,
			"type": 10,
			"tag": "拼团",
			"title": "各色解读服务包",
			"note": {
				"desc_pc_1": null,
				"desc_pc_2": null,
				"add_on_pc_link": null,
				"desc_mobile_1": null,
				"desc_mobile_2": null,
				"add_on_mobile_link": null,
				"short_name": null,
				"rule_text": null,
				"sort": "2023"
			},
			"rule": {
				"condition": {
					"type": 1,
					"main_skus": [100055601],
					"num": 1,
					"any": true
				},
				"single_order_limit": -1,
				"overlap": false,
				"result": {
					"discount": {
						"people": "2",
						"max_count": "4",
						"virtual": 1,
						"postage": "1"
					},
					"discount_skus": {
						"100055601": {
							"together_price": "379.00",
							"default": 1
						}
					}
				}
			},
			"start_time": 1542124800000,
			"end_time": 1542643199000
		}, {
			"id": 2039,
			"type": 10,
			"tag": "拼团",
			"title": "Smartisan S-1001 圈铁线控耳机",
			"note": {
				"desc_pc_1": null,
				"desc_pc_2": null,
				"add_on_pc_link": null,
				"desc_mobile_1": null,
				"desc_mobile_2": null,
				"add_on_mobile_link": null,
				"short_name": null,
				"rule_text": null,
				"sort": "2039"
			},
			"rule": {
				"condition": {
					"type": 1,
					"main_skus": [100027001, 100027002, 100027004],
					"num": 1,
					"any": true
				},
				"single_order_limit": -1,
				"overlap": false,
				"result": {
					"discount": {
						"people": "2",
						"max_count": "100",
						"virtual": 1,
						"postage": "0"
					},
					"discount_skus": {
						"100027001": {
							"together_price": "129.00",
							"default": 0
						},
						"100027002": {
							"together_price": "129.00",
							"default": 0
						},
						"100027004": {
							"together_price": "129.00",
							"default": 1
						}
					}
				}
			},
			"start_time": 1542124800000,
			"end_time": 1542643199000
		}, {
			"id": 2040,
			"type": 10,
			"tag": "拼团",
			"title": "Smartisan 蓝牙运动耳机",
			"note": {
				"desc_pc_1": null,
				"desc_pc_2": null,
				"add_on_pc_link": null,
				"desc_mobile_1": null,
				"desc_mobile_2": null,
				"add_on_mobile_link": null,
				"short_name": null,
				"rule_text": null,
				"sort": "2040"
			},
			"rule": {
				"condition": {
					"type": 1,
					"main_skus": [100037801, 100037802],
					"num": 1,
					"any": true
				},
				"single_order_limit": -1,
				"overlap": false,
				"result": {
					"discount": {
						"people": "2",
						"max_count": "10",
						"virtual": 1,
						"postage": "1"
					},
					"discount_skus": {
						"100037801": {
							"together_price": "199.00",
							"default": 0
						},
						"100037802": {
							"together_price": "199.00",
							"default": 1
						}
					}
				}
			},
			"start_time": 1542124800000,
			"end_time": 1542643199000
		}, {
			"id": 2041,
			"type": 10,
			"tag": "拼团",
			"title": "Smartisan 半入耳式耳机心动版",
			"note": {
				"desc_pc_1": null,
				"desc_pc_2": null,
				"add_on_pc_link": null,
				"desc_mobile_1": null,
				"desc_mobile_2": null,
				"add_on_mobile_link": null,
				"short_name": null,
				"rule_text": null,
				"sort": "2041"
			},
			"rule": {
				"condition": {
					"type": 1,
					"main_skus": [100035801, 100035802, 100035803],
					"num": 1,
					"any": true
				},
				"single_order_limit": -1,
				"overlap": false,
				"result": {
					"discount": {
						"people": "2",
						"max_count": "20",
						"virtual": 1,
						"postage": "0"
					},
					"discount_skus": {
						"100035801": {
							"together_price": "59.00",
							"default": 0
						},
						"100035802": {
							"together_price": "59.00",
							"default": 1
						},
						"100035803": {
							"together_price": "59.00",
							"default": 0
						}
					}
				}
			},
			"start_time": 1542124800000,
			"end_time": 1542643199000
		}, {
			"id": 2042,
			"type": 10,
			"tag": "拼团",
			"title": "Smartisan 半入耳式耳机",
			"note": {
				"desc_pc_1": null,
				"desc_pc_2": null,
				"add_on_pc_link": null,
				"desc_mobile_1": null,
				"desc_mobile_2": null,
				"add_on_mobile_link": null,
				"short_name": null,
				"rule_text": null,
				"sort": "2042"
			},
			"rule": {
				"condition": {
					"type": 1,
					"main_skus": [100042801, 100042802, 100042803],
					"num": 1,
					"any": true
				},
				"single_order_limit": -1,
				"overlap": false,
				"result": {
					"discount": {
						"people": "2",
						"max_count": "10",
						"virtual": 1,
						"postage": "0"
					},
					"discount_skus": {
						"100042801": {
							"together_price": "49.00",
							"default": 0
						},
						"100042802": {
							"together_price": "49.00",
							"default": 0
						},
						"100042803": {
							"together_price": "49.00",
							"default": 1
						}
					}
				}
			},
			"start_time": 1542124800000,
			"end_time": 1542643199000
		}, {
			"id": 2043,
			"type": 10,
			"tag": "拼团",
			"title": "坚果蓝牙小黑（小白）耳机",
			"note": {
				"desc_pc_1": null,
				"desc_pc_2": null,
				"add_on_pc_link": null,
				"desc_mobile_1": null,
				"desc_mobile_2": null,
				"add_on_mobile_link": null,
				"short_name": null,
				"rule_text": null,
				"sort": "2043"
			},
			"rule": {
				"condition": {
					"type": 1,
					"main_skus": [100047301, 100047302],
					"num": 1,
					"any": true
				},
				"single_order_limit": -1,
				"overlap": false,
				"result": {
					"discount": {
						"people": "2",
						"max_count": "20",
						"virtual": 1,
						"postage": "0"
					},
					"discount_skus": {
						"100047301": {
							"together_price": "89.00",
							"default": 1
						},
						"100047302": {
							"together_price": "89.00",
							"default": 0
						}
					}
				}
			},
			"start_time": 1542124800000,
			"end_time": 1542643199000
		}, {
			"id": 2044,
			"type": 10,
			"tag": "拼团",
			"title": "坚果闹钟式无线充电座",
			"note": {
				"desc_pc_1": null,
				"desc_pc_2": null,
				"add_on_pc_link": null,
				"desc_mobile_1": null,
				"desc_mobile_2": null,
				"add_on_mobile_link": null,
				"short_name": null,
				"rule_text": null,
				"sort": "2044"
			},
			"rule": {
				"condition": {
					"type": 1,
					"main_skus": [100047701],
					"num": 1,
					"any": true
				},
				"single_order_limit": -1,
				"overlap": false,
				"result": {
					"discount": {
						"people": "2",
						"max_count": "5",
						"virtual": 1,
						"postage": "1"
					},
					"discount_skus": {
						"100047701": {
							"together_price": "249.00",
							"default": 1
						}
					}
				}
			},
			"start_time": 1542124800000,
			"end_time": 1542643199000
		}, {
			"id": 2046,
			"type": 10,
			"tag": "拼团",
			"title": "畅呼吸防雾霾口罩",
			"note": {
				"desc_pc_1": null,
				"desc_pc_2": null,
				"add_on_pc_link": null,
				"desc_mobile_1": null,
				"desc_mobile_2": null,
				"add_on_mobile_link": null,
				"short_name": null,
				"rule_text": null,
				"sort": "2046"
			},
			"rule": {
				"condition": {
					"type": 1,
					"main_skus": [100036301, 100036303, 100036305, 100036307, 100036321, 100036323, 100036330],
					"num": 1,
					"any": true
				},
				"single_order_limit": -1,
				"overlap": false,
				"result": {
					"discount": {
						"people": "2",
						"max_count": "30",
						"virtual": 1,
						"postage": "0"
					},
					"discount_skus": {
						"100036301": {
							"together_price": "4.90",
							"default": 0
						},
						"100036303": {
							"together_price": "4.90",
							"default": 0
						},
						"100036305": {
							"together_price": "4.90",
							"default": 1
						},
						"100036307": {
							"together_price": "4.90",
							"default": 0
						},
						"100036321": {
							"together_price": "6.90",
							"default": 0
						},
						"100036323": {
							"together_price": "6.90",
							"default": 0
						},
						"100036330": {
							"together_price": "6.90",
							"default": 0
						}
					}
				}
			},
			"start_time": 1542160799000,
			"end_time": 1542643199000
		}, {
			"id": 2047,
			"type": 10,
			"tag": "拼团",
			"title": "畅呼吸汽车空调滤清器",
			"note": {
				"desc_pc_1": null,
				"desc_pc_2": null,
				"add_on_pc_link": null,
				"desc_mobile_1": null,
				"desc_mobile_2": null,
				"add_on_mobile_link": null,
				"short_name": null,
				"rule_text": null,
				"sort": "2047"
			},
			"rule": {
				"condition": {
					"type": 1,
					"main_skus": [100035701, 100035702, 100035707],
					"num": 1,
					"any": true
				},
				"single_order_limit": -1,
				"overlap": false,
				"result": {
					"discount": {
						"people": "2",
						"max_count": "10",
						"virtual": 1,
						"postage": "0"
					},
					"discount_skus": {
						"100035701": {
							"together_price": "79.00",
							"default": 0
						},
						"100035702": {
							"together_price": "79.00",
							"default": 0
						},
						"100035707": {
							"together_price": "109.00",
							"default": 1
						}
					}
				}
			},
			"start_time": 1542160799000,
			"end_time": 1542643199000
		}, {
			"id": 2057,
			"type": 9,
			"tag": "满减",
			"title": "畅呼吸空气净化器品类特惠",
			"description": "",
			"note": {
				"desc_pc_1": "",
				"desc_pc_2": "",
				"add_on_pc_link": "https://resource.smartisan.com/resource/8cf404238997bf5c3dd7eef2e6d61de3.jpg",
				"desc_mobile_1": "",
				"desc_mobile_2": "",
				"add_on_mobile_link": "",
				"short_name": null,
				"rule_text": null
			},
			"rule": {
				"condition": {
					"type": 1,
					"main_skus": [100040501],
					"num": 1,
					"any": true
				},
				"result": {
					"discount": [{
						"full_money": "2999",
						"decrease_money": "399"
					}, {
						"full_money": "3599",
						"decrease_money": "599"
					}]
				},
				"single_order_limit": -1,
				"overlap": false
			},
			"start_time": 1542183360000,
			"end_time": 1542643199000
		}]
	}
}