{ "code": 0, "data": { "list": [{ "id": 68, "name": "首页", "sort": 1, "info": { "image": null, "url": "http://www.smartisan.com/#/shop", "price": "0", "remark": "", "template_id": "1" }, "parent_id": 0, "is_show": 1, "top_enabled": 0, "created_at": 1506513364000, "updated_at": 1512996976000 }, { "id": 64, "name": "手机", "sort": 2, "info": { "image": null, "url": "https://www.smartisan.com/shop/#/jianguopro?v=209&c=232", "price": "0", "remark": "", "template_id": "1" }, "parent_id": 0, "is_show": 1, "top_enabled": 0, "created_at": 1506513364000, "updated_at": 1512996976000 }, { "id": 67, "name": "“足迹”系列", "sort": 3, "info": { "image": null, "url": "https://www.smartisan.com/category/67", "price": "0", "remark": "", "template_id": "1" }, "parent_id": 0, "is_show": 1, "top_enabled": 1, "top_spus": ["1000520", "1000521", "1000522", "1000523", "1000524", "1000500", "1000495", "1000494", "1000493", "1000492", "1000491", "1000490", "1000488", "1000489", "1000452", "1000451", "1000450", "1000449", "1000305", "1000306", "1000307", "1000288", "1000289", "1000309", "1000308", "1000290", "1000291", "1000292", "1000293", "1000296", "1000297", "1000295", "1000447", "1000448", "1000454", "1000455"], "created_at": 1506513364000, "updated_at": 1535693036000 }, { "id": 78, "name": "“足迹”保护套", "sort": 4, "info": { "image": null, "url": "https://www.smartisan.com/shop/#/backshell?id=78", "price": "0", "remark": "", "template_id": "1" }, "parent_id": 0, "is_show": 0, "top_enabled": 0, "top_spus": [], "created_at": 1509518271000, "updated_at": 1518086177000 }, { "id": 60, "name": "官方配件", "sort": 5, "info": { "image": "category/60/", "url": "https://www.smartisan.com/category/60", "price": "0", "remark": "", "template_id": "1" }, "parent_id": 0, "is_show": 1, "top_enabled": 1, "top_spus": ["1000518", "1000519", "1000422", "1000528", "1000530", "1000473", "1000520", "1000521", "1000522", "1000523", "1000524", "1000475", "1000476", "1000467", "1000474", "1000477", "1000470", "1000471", "1000498", "1000499", "1000419", "1000421", "1000417", "1000418", "1000420", "1000428", "1000378", "1000426", "1000235", "1000360", "1000352", "1000358", "1000239", "1000228", "1000227", "1000267"], "created_at": 1506513364000, "updated_at": 1535693067000 }, { "id": 77, "name": "空气净化类", "sort": 6, "info": { "image": null, "url": "https://www.smartisan.com/category/77", "price": "0", "remark": "", "template_id": "1" }, "parent_id": 0, "is_show": 1, "top_enabled": 1, "top_spus": ["1000405", "1000338", "1000364", "1000365", "1000363", "1000395", "1000357", "1000402"], "created_at": 1509104472000, "updated_at": 1535693078000 }, { "id": 69, "name": "品牌周边", "sort": 7, "info": { "image": null, "url": "https://www.smartisan.com/category/69", "price": "0", "remark": "", "template_id": "1" }, "parent_id": 0, "is_show": 1, "top_enabled": 1, "top_spus": ["1000401", "1000397", "1000536", "1000539", "1000525", "1000550", "1000540", "1000549", "1000548", "1000341", "1000377", "1000376", "1000333", "1000339", "1000409", "1000262", "1000410", "1000433", "1000443"], "created_at": 1506513364000, "updated_at": 1539311082000 }, { "id": 61, "name": "好物推荐", "sort": 8, "info": { "image": "category/61/E3BE4F7284AEA4F5679581D1C95FAD4D/", "url": "https://www.smartisan.com/category/61", "price": "0", "remark": "", "template_id": "1" }, "parent_id": 0, "is_show": 1, "top_enabled": 1, "top_spus": ["1000543"], "created_at": 1506513364000, "updated_at": 1536910812000 }, { "id": 62, "name": "全部", "sort": 9, "info": { "image": "category/62/", "url": "https://www.smartisan.com/category/62", "price": "0", "remark": "", "template_id": "1" }, "parent_id": 0, "is_show": 1, "top_enabled": 1, "top_spus": ["1000267", "1000266", "1000227", "1000225", "1000268", "1000299", "1000235", "1000228", "1000239", "1000270"], "created_at": 1506513364000, "updated_at": 1535693145000 }, { "id": 58, "name": "服务", "sort": 10, "info": { "image": "category/58/", "url": "https://www.smartisan.com/service/#/", "price": "0", "remark": "", "template_id": "1" }, "parent_id": 0, "is_show": 1, "top_enabled": 0, "created_at": 1506513364000, "updated_at": 1512996976000 }, { "id": 63, "name": "“情怀”背壳", "sort": 11, "info": { "image": "category/63/A8ED16A90F4FD85443EC699B08F43295/", "url": "", "price": "0", "remark": "", "template_id": "1" }, "parent_id": 0, "is_show": 0, "top_enabled": 0, "created_at": 1506513364000, "updated_at": 1512996976000 }, { "id": 59, "name": "其他周边", "sort": 12, "info": { "image": "category/59/", "url": "", "price": "0", "remark": "", "template_id": "1" }, "parent_id": 0, "is_show": 0, "top_enabled": 0, "created_at": 1506513365000, "updated_at": 1512996976000 }, { "id": 70, "name": "壳套膜", "sort": 13, "info": { "image": null, "url": "", "price": "0", "remark": "", "template_id": "1" }, "parent_id": 0, "is_show": 0, "top_enabled": 0, "created_at": 1507720787000, "updated_at": 1512996976000 }, { "id": 71, "name": "充电线材", "sort": 14, "info": { "image": null, "url": "", "price": "0", "remark": "", "template_id": "1" }, "parent_id": 0, "is_show": 0, "top_enabled": 0, "created_at": 1507720902000, "updated_at": 1512996976000 }, { "id": 72, "name": "耳机", "sort": 15, "info": { "image": null, "url": "", "price": "0", "remark": "", "template_id": "1" }, "parent_id": 0, "is_show": 0, "top_enabled": 1, "top_spus": ["1000428", "1000358", "1000270", "1000378", "1000239", "1000325", "1000348", "1000324", "1000230", "1000231"], "created_at": 1507720911000, "updated_at": 1523499531000 }, { "id": 73, "name": "鞋服", "sort": 16, "info": { "image": null, "url": "", "price": "0", "remark": "", "template_id": "1" }, "parent_id": 0, "is_show": 0, "top_enabled": 1, "top_spus": ["1000397", "1000401", "1000409", "1000463", "1000456", "1000442", "1000440", "1000439", "1000438", "1000436", "1000433", "1000410", "1000261", "1000262", "1000264", "1000256", "1000254", "1000257", "1000255", "1000259", "1000260", "1000265", "1000318", "1000319", "1000377", "1000341", "1000333", "1000376", "1000339"], "created_at": 1507720918000, "updated_at": 1526273090000 }, { "id": 74, "name": "图书", "sort": 17, "info": { "image": null, "url": "", "price": "0", "remark": "", "template_id": "1" }, "parent_id": 0, "is_show": 0, "top_enabled": 0, "created_at": 1507720923000, "updated_at": 1512996976000 }, { "id": 75, "name": "文具", "sort": 18, "info": { "image": null, "url": "", "price": "0", "remark": "", "template_id": "1" }, "parent_id": 0, "is_show": 0, "top_enabled": 0, "created_at": 1507720929000, "updated_at": 1512996976000 }, { "id": 76, "name": "投影仪", "sort": 19, "info": { "image": null, "url": "", "price": "0", "remark": "", "template_id": "1" }, "parent_id": 0, "is_show": 0, "top_enabled": 0, "created_at": 1507720935000, "updated_at": 1512996976000 }, { "id": 79, "name": "满赠专区", "sort": 79, "info": { "image": null, "url": "https://www.smartisan.com/shop/#/category?id=79", "price": "0", "remark": "undefined", "template_id": "1" }, "parent_id": 0, "is_show": 0, "top_enabled": 0, "created_at": 1512996976000, "updated_at": 1520421171000 }, { "id": 80, "name": "企业团购", "sort": 80, "info": { "image": null, "url": "", "price": "0", "remark": "undefined", "template_id": "1" }, "parent_id": 0, "is_show": 0, "top_enabled": 0, "created_at": 1513064326000, "updated_at": 1513064326000 }, { "id": 81, "name": "纸尿裤", "sort": 81, "info": { "image": null, "url": "https://www.smartisan.com/category?id=81", "price": "0", "remark": "undefined", "template_id": "1" }, "parent_id": 0, "is_show": 0, "top_enabled": 1, "top_spus": ["1000480", "1000478", "1000481"], "created_at": 1525703715000, "updated_at": 1525857150000 }, { "id": 82, "name": "数码办公", "sort": 82, "info": { "image": null, "url": "https://www.smartisan.com/category/82", "price": "0", "remark": "undefined", "template_id": "1" }, "parent_id": 0, "is_show": 0, "top_enabled": 0, "created_at": 1526288149000, "updated_at": 1535693173000 }] } }